level,series,comparison,model_a,model_b,horizon,n,origins,mae_a,mae_b,delta_mae_pct_b_vs_a,delta_mae_pct_ci95_lo,delta_mae_pct_ci95_hi,better_by_mae,dm_abs,p_abs,sig_abs,dm_sq,p_sq,sig_sq
path,Spain,TimesFM context,timesfm_C0,timesfm_C1_inst,1,47,47,0.4364462630900924,0.44538861603432467,2.0489012509625697,-1.627899658893977,5.726294925464298,timesfm_C0,-1.0969224774982147,0.2783845510722307,ns,-1.325193498814463,0.1916518484541549,ns
path,Spain,TimesFM context,timesfm_C0,timesfm_C1_inst,3,135,45,0.7319747979058157,0.7459643550166375,1.9112074829414953,0.3103380957080278,3.6919136699617887,timesfm_C0,-2.6326919580758577,0.009466105310488863,**,-1.9588213173710483,0.0522103111980012,*
path,Spain,TimesFM context,timesfm_C0,timesfm_C1_inst,6,252,42,1.0866265689910402,1.0999510580395893,1.2262252211374902,0.080473595826058,2.405909053412028,timesfm_C0,-2.3809981787846697,0.01801240474053852,**,-2.231318679110683,0.026543637696873502,**
path,Spain,TimesFM context,timesfm_C0,timesfm_C1_inst,12,432,36,1.8634840862132884,1.8781002200091323,0.7843444386769507,0.021899054511631332,1.645443126397283,timesfm_C0,-2.098981784926941,0.03639968736790053,**,-2.0724940517775217,0.03881333338045781,**
endpoint,Spain,TimesFM context,timesfm_C0,timesfm_C1_inst,1,47,47,0.4364462630900924,0.44538861603432467,2.0489012509625697,-1.627899658893977,5.726294925464298,timesfm_C0,-1.0969224774982147,0.2783845510722307,ns,-1.325193498814463,0.1916518484541549,ns
endpoint,Spain,TimesFM context,timesfm_C0,timesfm_C1_inst,3,45,45,1.0179318901909722,1.0375726182725695,1.9294736976864513,0.4847403449719789,3.608825838604692,timesfm_C0,-2.915171609803204,0.005572924146283211,**,-2.987599719727996,0.00458461050488567,**
endpoint,Spain,TimesFM context,timesfm_C0,timesfm_C1_inst,6,42,42,1.5794145609537753,1.5909442109607508,0.7299951698566692,-0.263638126506151,1.8576028568751204,timesfm_C0,-1.3217400280244826,0.19358256171083518,ns,-1.821517022725099,0.07582994555470532,*
endpoint,Spain,TimesFM context,timesfm_C0,timesfm_C1_inst,12,36,36,3.088408031887478,3.1024208984374995,0.45372458578466074,-0.11714727804514766,1.0810660057375712,timesfm_C0,-1.6678106503778056,0.10427757805905298,ns,-1.6447894557374376,0.10896661142344097,ns
path,Spain,TimesFM validated context,timesfm_C0,timesfm_C1_validated,1,47,47,0.4364462630900924,0.4364462630900924,0.0,0.0,0.0,timesfm_C1_validated,nan,nan,NA,nan,nan,NA
path,Spain,TimesFM validated context,timesfm_C0,timesfm_C1_validated,3,135,45,0.7319747979058157,0.7319747979058157,0.0,0.0,0.0,timesfm_C1_validated,nan,nan,NA,nan,nan,NA
path,Spain,TimesFM validated context,timesfm_C0,timesfm_C1_validated,6,252,42,1.0866265689910402,1.0866265689910402,0.0,0.0,0.0,timesfm_C1_validated,nan,nan,NA,nan,nan,NA
path,Spain,TimesFM validated context,timesfm_C0,timesfm_C1_validated,12,432,36,1.8634840862132884,1.8634840862132884,0.0,0.0,0.0,timesfm_C1_validated,nan,nan,NA,nan,nan,NA
endpoint,Spain,TimesFM validated context,timesfm_C0,timesfm_C1_validated,1,47,47,0.4364462630900924,0.4364462630900924,0.0,0.0,0.0,timesfm_C1_validated,nan,nan,NA,nan,nan,NA
endpoint,Spain,TimesFM validated context,timesfm_C0,timesfm_C1_validated,3,45,45,1.0179318901909722,1.0179318901909722,0.0,0.0,0.0,timesfm_C1_validated,nan,nan,NA,nan,nan,NA
endpoint,Spain,TimesFM validated context,timesfm_C0,timesfm_C1_validated,6,42,42,1.5794145609537753,1.5794145609537753,0.0,0.0,0.0,timesfm_C1_validated,nan,nan,NA,nan,nan,NA
endpoint,Spain,TimesFM validated context,timesfm_C0,timesfm_C1_validated,12,36,36,3.088408031887478,3.088408031887478,0.0,0.0,0.0,timesfm_C1_validated,nan,nan,NA,nan,nan,NA
path,Spain,Chronos-2 context,chronos2_C0,chronos2_C1_inst,1,47,47,0.520191394562417,0.548837315336186,5.506804048126511,-10.98585843461733,25.31397246799519,chronos2_C0,-0.6327847839986217,0.5300074403258785,ns,0.27970473770894383,0.7809579427919849,ns
path,Spain,Chronos-2 context,chronos2_C0,chronos2_C1_inst,3,135,45,0.817865071162471,0.8212405978732632,0.4127241558310372,-10.499808906459977,11.557149927454576,chronos2_C0,-0.05878683432483062,0.9532094726385391,ns,-0.2960743840853892,0.7676316258259481,ns
path,Spain,Chronos-2 context,chronos2_C0,chronos2_C1_inst,6,252,42,1.2059815097384978,1.2370255700974233,2.5741738250744,-5.644001584954,10.119821556782975,chronos2_C0,-0.45912974692485414,0.6465383527592607,ns,-1.0844742961601717,0.27919511042004397,ns
path,Spain,Chronos-2 context,chronos2_C0,chronos2_C1_inst,12,432,36,1.9897638182463468,2.0693738786202887,4.000980399980593,-4.343696886820592,12.16072854836694,chronos2_C0,-0.6947308870373509,0.48759830383155145,ns,-1.3205855939106663,0.18734037235934617,ns
endpoint,Spain,Chronos-2 context,chronos2_C0,chronos2_C1_inst,1,47,47,0.520191394562417,0.548837315336186,5.506804048126511,-10.98585843461733,25.31397246799519,chronos2_C0,-0.6327847839986217,0.5300074403258785,ns,0.27970473770894383,0.7809579427919849,ns
endpoint,Spain,Chronos-2 context,chronos2_C0,chronos2_C1_inst,3,45,45,1.0943259914822048,1.06960026312934,-2.2594481484786035,-13.3754085079126,7.745974525754783,chronos2_C1_inst,0.2963078810557379,0.7683890856156982,ns,-0.49160769282906724,0.6254402973315876,ns
endpoint,Spain,Chronos-2 context,chronos2_C0,chronos2_C1_inst,6,42,42,1.7755588364374066,1.8642675403413314,4.9961004999369925,-4.0564550311089596,14.172564592313405,chronos2_C0,-0.8341050719093278,0.40905534490795215,ns,-1.2125411979876644,0.23224603827614296,ns
endpoint,Spain,Chronos-2 context,chronos2_C0,chronos2_C1_inst,12,36,36,3.0825493079291446,3.2432343546549474,5.21273240666346,-3.405402727835985,15.032441421674685,chronos2_C0,-0.8374075005754819,0.4080455292254843,ns,-0.9945969923393042,0.3267591339355307,ns
path,Spain,Chronos-2 validated context,chronos2_C0,chronos2_C1_validated,1,47,47,0.520191394562417,0.520191394562417,0.0,0.0,0.0,chronos2_C1_validated,nan,nan,NA,nan,nan,NA
path,Spain,Chronos-2 validated context,chronos2_C0,chronos2_C1_validated,3,135,45,0.817865071162471,0.817865071162471,0.0,0.0,0.0,chronos2_C1_validated,nan,nan,NA,nan,nan,NA
path,Spain,Chronos-2 validated context,chronos2_C0,chronos2_C1_validated,6,252,42,1.2059815097384978,1.2059815097384978,0.0,0.0,0.0,chronos2_C1_validated,nan,nan,NA,nan,nan,NA
path,Spain,Chronos-2 validated context,chronos2_C0,chronos2_C1_validated,12,432,36,1.9897638182463468,1.9897638182463468,0.0,0.0,0.0,chronos2_C1_validated,nan,nan,NA,nan,nan,NA
endpoint,Spain,Chronos-2 validated context,chronos2_C0,chronos2_C1_validated,1,47,47,0.520191394562417,0.520191394562417,0.0,0.0,0.0,chronos2_C1_validated,nan,nan,NA,nan,nan,NA
endpoint,Spain,Chronos-2 validated context,chronos2_C0,chronos2_C1_validated,3,45,45,1.0943259914822048,1.0943259914822048,0.0,0.0,0.0,chronos2_C1_validated,nan,nan,NA,nan,nan,NA
endpoint,Spain,Chronos-2 validated context,chronos2_C0,chronos2_C1_validated,6,42,42,1.7755588364374066,1.7755588364374066,0.0,0.0,0.0,chronos2_C1_validated,nan,nan,NA,nan,nan,NA
endpoint,Spain,Chronos-2 validated context,chronos2_C0,chronos2_C1_validated,12,36,36,3.0825493079291446,3.0825493079291446,0.0,0.0,0.0,chronos2_C1_validated,nan,nan,NA,nan,nan,NA
path,Spain,TimesFM regime context,timesfm_C0,timesfm_C1_regime,1,47,47,0.4364462630900924,0.4364462630900924,0.0,0.0,0.0,timesfm_C1_regime,nan,nan,NA,nan,nan,NA
path,Spain,TimesFM regime context,timesfm_C0,timesfm_C1_regime,3,135,45,0.7319747979058157,0.7319747979058157,0.0,0.0,0.0,timesfm_C1_regime,nan,nan,NA,nan,nan,NA
path,Spain,TimesFM regime context,timesfm_C0,timesfm_C1_regime,6,252,42,1.0866265689910402,1.0866265689910402,0.0,0.0,0.0,timesfm_C1_regime,nan,nan,NA,nan,nan,NA
path,Spain,TimesFM regime context,timesfm_C0,timesfm_C1_regime,12,432,36,1.8634840862132884,1.8634840862132884,0.0,0.0,0.0,timesfm_C1_regime,nan,nan,NA,nan,nan,NA
endpoint,Spain,TimesFM regime context,timesfm_C0,timesfm_C1_regime,1,47,47,0.4364462630900924,0.4364462630900924,0.0,0.0,0.0,timesfm_C1_regime,nan,nan,NA,nan,nan,NA
endpoint,Spain,TimesFM regime context,timesfm_C0,timesfm_C1_regime,3,45,45,1.0179318901909722,1.0179318901909722,0.0,0.0,0.0,timesfm_C1_regime,nan,nan,NA,nan,nan,NA
endpoint,Spain,TimesFM regime context,timesfm_C0,timesfm_C1_regime,6,42,42,1.5794145609537753,1.5794145609537753,0.0,0.0,0.0,timesfm_C1_regime,nan,nan,NA,nan,nan,NA
endpoint,Spain,TimesFM regime context,timesfm_C0,timesfm_C1_regime,12,36,36,3.088408031887478,3.088408031887478,0.0,0.0,0.0,timesfm_C1_regime,nan,nan,NA,nan,nan,NA
path,Spain,Chronos-2 regime context,chronos2_C0,chronos2_C1_regime,1,47,47,0.520191394562417,0.520191394562417,0.0,0.0,0.0,chronos2_C1_regime,nan,nan,NA,nan,nan,NA
path,Spain,Chronos-2 regime context,chronos2_C0,chronos2_C1_regime,3,135,45,0.817865071162471,0.817865071162471,0.0,0.0,0.0,chronos2_C1_regime,nan,nan,NA,nan,nan,NA
path,Spain,Chronos-2 regime context,chronos2_C0,chronos2_C1_regime,6,252,42,1.2059815097384978,1.2059815097384978,0.0,0.0,0.0,chronos2_C1_regime,nan,nan,NA,nan,nan,NA
path,Spain,Chronos-2 regime context,chronos2_C0,chronos2_C1_regime,12,432,36,1.9897638182463468,1.9897638182463468,0.0,0.0,0.0,chronos2_C1_regime,nan,nan,NA,nan,nan,NA
endpoint,Spain,Chronos-2 regime context,chronos2_C0,chronos2_C1_regime,1,47,47,0.520191394562417,0.520191394562417,0.0,0.0,0.0,chronos2_C1_regime,nan,nan,NA,nan,nan,NA
endpoint,Spain,Chronos-2 regime context,chronos2_C0,chronos2_C1_regime,3,45,45,1.0943259914822048,1.0943259914822048,0.0,0.0,0.0,chronos2_C1_regime,nan,nan,NA,nan,nan,NA
endpoint,Spain,Chronos-2 regime context,chronos2_C0,chronos2_C1_regime,6,42,42,1.7755588364374066,1.7755588364374066,0.0,0.0,0.0,chronos2_C1_regime,nan,nan,NA,nan,nan,NA
endpoint,Spain,Chronos-2 regime context,chronos2_C0,chronos2_C1_regime,12,36,36,3.0825493079291446,3.0825493079291446,0.0,0.0,0.0,chronos2_C1_regime,nan,nan,NA,nan,nan,NA
path,Global,Chronos-2 context,chronos2_C0_global,chronos2_C1_inst_global,1,47,47,0.2519071459150486,0.20044966361038558,-20.42716260300777,-40.62310438115281,7.021318546643772,chronos2_C1_inst_global,1.548928089182626,0.12825226888443075,ns,1.535043650875503,0.13162324111220744,ns
path,Global,Chronos-2 context,chronos2_C0_global,chronos2_C1_inst_global,3,135,45,0.3579775788052144,0.341733177946528,-4.537826338985722,-23.54055250517122,21.04873671814379,chronos2_C1_inst_global,0.3261619634797621,0.7448106435864822,ns,0.23372045642939498,0.815558689004703,ns
path,Global,Chronos-2 context,chronos2_C0_global,chronos2_C1_inst_global,6,252,42,0.6422973933007075,0.5913587983253581,-7.930686860424668,-30.15375975950877,22.017688131737714,chronos2_C1_inst_global,0.4393091481307969,0.6608155113592651,ns,0.5490077847404021,0.5834881608111278,ns
path,Global,Chronos-2 context,chronos2_C0_global,chronos2_C1_inst_global,12,432,36,1.3374642636144916,1.143286435334759,-14.518356382470202,-36.889221734111665,15.858609246064034,chronos2_C1_inst_global,0.7140235273339753,0.47559912376664193,ns,0.6613080234090825,0.5087681546140385,ns
endpoint,Global,Chronos-2 context,chronos2_C0_global,chronos2_C1_inst_global,1,47,47,0.2519071459150486,0.20044966361038558,-20.42716260300777,-40.62310438115281,7.021318546643772,chronos2_C1_inst_global,1.548928089182626,0.12825226888443075,ns,1.535043650875503,0.13162324111220744,ns
endpoint,Global,Chronos-2 context,chronos2_C0_global,chronos2_C1_inst_global,3,45,45,0.48976710130946355,0.4962981128936927,1.333493320961643,-22.234502734751935,35.40759998046808,chronos2_C0_global,-0.051063679466515695,0.9595058946891395,ns,0.04179221505577982,0.9668534140819958,ns
endpoint,Global,Chronos-2 context,chronos2_C0_global,chronos2_C1_inst_global,6,42,42,1.1443136465405372,0.9898391092226058,-13.499317934810563,-38.93890894395375,22.172075274168233,chronos2_C1_inst_global,0.2928313557341231,0.7711280225535816,ns,0.3307929065782722,0.7424855577210252,ns
endpoint,Global,Chronos-2 context,chronos2_C0_global,chronos2_C1_inst_global,12,36,36,2.3131123581580417,1.9697762594013035,-14.843035944442438,-38.344317311952956,15.663288958797574,chronos2_C1_inst_global,0.4212081577487161,0.6761786128082619,ns,0.3141120657408694,0.755300624158104,ns
path,Global,Chronos-2 validated context,chronos2_C0_global,chronos2_C1_validated_global,1,47,47,0.2519071459150486,0.2722821971044227,8.088318064722644,1.3659541425380834,15.907851838227351,chronos2_C0_global,-2.2377829397149895,0.030119550447523936,**,-1.7947138564883414,0.07927185359989634,*
path,Global,Chronos-2 validated context,chronos2_C0_global,chronos2_C1_validated_global,3,135,45,0.3579775788052144,0.35580074689076235,-0.6080916915851131,-3.4669892271242193,2.8685087388494295,chronos2_C1_validated_global,0.3226063162045365,0.7474962197088465,ns,0.9541865893911025,0.34170733519038243,ns
path,Global,Chronos-2 validated context,chronos2_C0_global,chronos2_C1_validated_global,6,252,42,0.6422973933007075,0.6227630846912038,-3.0413183695357455,-4.2074698218954545,-1.5453358494438012,chronos2_C1_validated_global,2.7840164294899536,0.005777785844582249,**,2.620915003890231,0.009304504186726202,**
path,Global,Chronos-2 validated context,chronos2_C0_global,chronos2_C1_validated_global,12,432,36,1.3374642636144916,1.3011076838248274,-2.718321586508084,-3.497966025678537,-1.907214466157597,chronos2_C1_validated_global,3.6724562872503363,0.00027042752892598234,**,3.1748450705434204,0.0016067011492998885,**
endpoint,Global,Chronos-2 validated context,chronos2_C0_global,chronos2_C1_validated_global,1,47,47,0.2519071459150486,0.2722821971044227,8.088318064722644,1.3659541425380834,15.907851838227351,chronos2_C0_global,-2.2377829397149895,0.030119550447523936,**,-1.7947138564883414,0.07927185359989634,*
endpoint,Global,Chronos-2 validated context,chronos2_C0_global,chronos2_C1_validated_global,3,45,45,0.48976710130946355,0.4609602186337914,-5.881751264764982,-9.262880572095398,-2.7336313481023975,chronos2_C1_validated_global,1.8371609995505327,0.07294586247149085,*,1.4061334720674155,0.1667076683340857,ns
endpoint,Global,Chronos-2 validated context,chronos2_C0_global,chronos2_C1_validated_global,6,42,42,1.1443136465405372,1.106608425748109,-3.295007527561851,-4.300063963867431,-2.0712424529684883,chronos2_C1_validated_global,1.3143869883560362,0.19602191087010537,ns,1.2984435799882452,0.20139120279985429,ns
endpoint,Global,Chronos-2 validated context,chronos2_C0_global,chronos2_C1_validated_global,12,36,36,2.3131123581580417,2.2619947153108715,-2.2099074723666177,-2.9110227753504208,-1.549513412159347,chronos2_C1_validated_global,1.5985193979380394,0.11891740831668914,ns,1.4665335636143944,0.15143111143761182,ns
path,Global,TimesFM context,timesfm_C0_global,timesfm_C1_inst_global,1,47,47,0.21029511500802783,0.21371679218954406,1.6270835303928057,-16.331429153472886,24.063636181178083,timesfm_C0_global,-0.16585690320718552,0.8689963919659189,ns,0.1686920063892109,0.8667784890239922,ns
path,Global,TimesFM context,timesfm_C0_global,timesfm_C1_inst_global,3,135,45,0.37599608290226055,0.34872855005917064,-7.25207896651893,-16.819337966267717,4.381855440589672,timesfm_C1_inst_global,1.058420651365406,0.29176794584463683,ns,1.635393932135035,0.10431338049704146,ns
path,Global,TimesFM context,timesfm_C0_global,timesfm_C1_inst_global,6,252,42,0.647464404088527,0.6071951402932142,-6.2195332347269625,-12.092975285129743,0.5975667212942979,timesfm_C1_inst_global,1.3382661133264757,0.18202073829947818,ns,2.127030774049382,0.03439302290059716,**
path,Global,TimesFM context,timesfm_C0_global,timesfm_C1_inst_global,12,432,36,1.2332855181209013,1.1912899074706127,-3.4051815279786375,-7.040582815538282,1.0634730613943209,timesfm_C1_inst_global,1.0815629667475297,0.2800515400248968,ns,2.360272039561825,0.018706171546869547,**
endpoint,Global,TimesFM context,timesfm_C0_global,timesfm_C1_inst_global,1,47,47,0.21029511500802783,0.21371679218954406,1.6270835303928057,-16.331429153472886,24.063636181178083,timesfm_C0_global,-0.16585690320718552,0.8689963919659189,ns,0.1686920063892109,0.8667784890239922,ns
endpoint,Global,TimesFM context,timesfm_C0_global,timesfm_C1_inst_global,3,45,45,0.5447677563336043,0.5051317492354217,-7.275762311070104,-15.0144811686575,2.087234792911276,timesfm_C1_inst_global,0.7706838328171677,0.44501310261809623,ns,1.2023413707363995,0.23566204390158424,ns
endpoint,Global,TimesFM context,timesfm_C0_global,timesfm_C1_inst_global,6,42,42,1.075967790271274,1.0178354905872002,-5.402791813072534,-9.519619464434495,-0.8727448447965982,timesfm_C1_inst_global,0.7434129996788063,0.4614706815770878,ns,0.9813001389803948,0.3322001033802674,ns
endpoint,Global,TimesFM context,timesfm_C0_global,timesfm_C1_inst_global,12,36,36,2.011331101511441,1.9708173132676157,-2.014277421225203,-4.881685067823858,1.4188351747202517,timesfm_C1_inst_global,0.46036286264525195,0.6481033037631634,ns,0.8145348205817374,0.42084647892333105,ns
path,Global,TimesFM validated context,timesfm_C0_global,timesfm_C1_validated_global,1,47,47,0.21029511500802783,0.1951982194006292,-7.178909318374951,-14.971823088666424,0.6056181835311184,timesfm_C1_validated_global,1.754412586667659,0.08601957641552369,*,1.2083939026171424,0.23307123966887705,ns
path,Global,TimesFM validated context,timesfm_C0_global,timesfm_C1_validated_global,3,135,45,0.37599608290226055,0.3604659896023097,-4.130386992352759,-8.774722609943447,-0.13548172256417948,timesfm_C1_validated_global,1.6638164851589088,0.09848602339777657,*,1.6493316164605454,0.10142208403124837,ns
path,Global,TimesFM validated context,timesfm_C0_global,timesfm_C1_validated_global,6,252,42,0.647464404088527,0.6303054958899337,-2.650170123676362,-5.2379054387213175,-0.06814008269806596,timesfm_C1_validated_global,1.8031482902132294,0.07256416589371525,*,1.6775174070753727,0.09468610650831334,*
path,Global,TimesFM validated context,timesfm_C0_global,timesfm_C1_validated_global,12,432,36,1.2332855181209013,1.2225321355121819,-0.8719296911151447,-2.337130604459739,0.5370410964611829,timesfm_C1_validated_global,0.9282652316172096,0.3537895570999027,ns,1.4530184030452662,0.14694631095607374,ns
endpoint,Global,TimesFM validated context,timesfm_C0_global,timesfm_C1_validated_global,1,47,47,0.21029511500802783,0.1951982194006292,-7.178909318374951,-14.971823088666424,0.6056181835311184,timesfm_C1_validated_global,1.754412586667659,0.08601957641552369,*,1.2083939026171424,0.23307123966887705,ns
endpoint,Global,TimesFM validated context,timesfm_C0_global,timesfm_C1_validated_global,3,45,45,0.5447677563336043,0.5303211095844181,-2.6518909353987796,-6.22624194262694,0.6899718299305836,timesfm_C1_validated_global,1.0151632643761028,0.31557794442978604,ns,1.1002000109083094,0.2772279629310391,ns
endpoint,Global,TimesFM validated context,timesfm_C0_global,timesfm_C1_validated_global,6,42,42,1.075967790271274,1.054724080099592,-1.974381609167505,-3.8826566479054825,-0.2804557372385591,timesfm_C1_validated_global,1.0446227009932358,0.3023175199715178,ns,0.7539377610473447,0.4551949361301001,ns
endpoint,Global,TimesFM validated context,timesfm_C0_global,timesfm_C1_validated_global,12,36,36,2.011331101511441,2.0188259865721383,0.37263308139894924,-0.6433617310378765,1.7532236530674579,timesfm_C0_global,-0.5891153924222555,0.5595673996596766,ns,0.5546367622958516,0.582670378063324,ns
path,Global,Chronos-2 forward-path context,chronos2_C0_global,chronos2_C1_fwd_global,1,47,47,0.2519071459150486,0.19251241866912727,-23.578023969971532,-43.31137862540351,2.0203190498993666,chronos2_C1_fwd_global,1.8214262330446789,0.07504884575665523,*,2.133923343360081,0.03821275085237056,**
path,Global,Chronos-2 forward-path context,chronos2_C0_global,chronos2_C1_fwd_global,3,135,45,0.3579775788052144,0.3073811482200274,-14.133966365730958,-31.514231731437658,8.682437046147804,chronos2_C1_fwd_global,1.0761410147476036,0.2837979016967648,ns,1.2473243197842347,0.21445417588328422,ns
path,Global,Chronos-2 forward-path context,chronos2_C0_global,chronos2_C1_fwd_global,6,252,42,0.6422973933007075,0.5298563915138791,-17.50606540826896,-34.747086917323195,4.152941730843138,chronos2_C1_fwd_global,1.2400126923556687,0.21612868784679407,ns,1.7334883998534858,0.0842369107977277,*
path,Global,Chronos-2 forward-path context,chronos2_C0_global,chronos2_C1_fwd_global,12,432,36,1.3374642636144916,1.0648107613910933,-20.385853262841827,-35.823529694521106,1.1102379267352525,chronos2_C1_fwd_global,1.3880925058040738,0.1658259596960892,ns,1.7220429980204048,0.08577917424843554,*
endpoint,Global,Chronos-2 forward-path context,chronos2_C0_global,chronos2_C1_fwd_global,1,47,47,0.2519071459150486,0.19251241866912727,-23.578023969971532,-43.31137862540351,2.0203190498993666,chronos2_C1_fwd_global,1.8214262330446789,0.07504884575665523,*,2.133923343360081,0.03821275085237056,**
endpoint,Global,Chronos-2 forward-path context,chronos2_C0_global,chronos2_C1_fwd_global,3,45,45,0.48976710130946355,0.4295325186908621,-12.298617538326996,-33.05621310320196,16.01769395914917,chronos2_C1_fwd_global,0.5969989867856048,0.5535678444130137,ns,0.7219108257331083,0.4741685457215842,ns
endpoint,Global,Chronos-2 forward-path context,chronos2_C0_global,chronos2_C1_fwd_global,6,42,42,1.1443136465405372,0.8924044915988235,-22.013995525027575,-39.976785638461905,3.334745935356819,chronos2_C1_fwd_global,0.6462733724115102,0.5217036670934101,ns,0.9127271179810211,0.3667221064423013,ns
endpoint,Global,Chronos-2 forward-path context,chronos2_C0_global,chronos2_C1_fwd_global,12,36,36,2.3131123581580417,1.8459501532864846,-20.196260818197516,-38.61343640078251,2.0326733148191733,chronos2_C1_fwd_global,0.8382406968556594,0.40758383356342665,ns,0.9935639647586836,0.32725491930726947,ns
path,Global,Chronos-2 forward vs flat-hold,chronos2_C1_inst_global,chronos2_C1_fwd_global,1,47,47,0.20044966361038558,0.19251241866912727,-3.9597197612094486,-13.852011304732267,7.928818711083424,chronos2_C1_fwd_global,0.7080064402352791,0.48251350020327555,ns,1.2802515053638728,0.20687518008867128,ns
path,Global,Chronos-2 forward vs flat-hold,chronos2_C1_inst_global,chronos2_C1_fwd_global,3,135,45,0.341733177946528,0.3073811482200274,-10.05229575100718,-20.726018832961525,3.2319979157330607,chronos2_C1_fwd_global,1.2395214139612403,0.21731892318531829,ns,1.8323777902745317,0.06911529506397344,*
path,Global,Chronos-2 forward vs flat-hold,chronos2_C1_inst_global,chronos2_C1_fwd_global,6,252,42,0.5913587983253581,0.5298563915138791,-10.400184623217724,-21.04774541935902,4.820787666155217,chronos2_C1_fwd_global,1.073171578127666,0.2842248049157802,ns,1.9805895060762242,0.048729088534339965,**
path,Global,Chronos-2 forward vs flat-hold,chronos2_C1_inst_global,chronos2_C1_fwd_global,12,432,36,1.143286435334759,1.0648107613910933,-6.8640431232517525,-19.05639549985287,9.213488593811116,chronos2_C1_fwd_global,0.6506169845689254,0.5156404405401627,ns,1.7566959498925199,0.07967973837990695,*
endpoint,Global,Chronos-2 forward vs flat-hold,chronos2_C1_inst_global,chronos2_C1_fwd_global,1,47,47,0.20044966361038558,0.19251241866912727,-3.9597197612094486,-13.852011304732267,7.928818711083424,chronos2_C1_fwd_global,0.7080064402352791,0.48251350020327555,ns,1.2802515053638728,0.20687518008867128,ns
endpoint,Global,Chronos-2 forward vs flat-hold,chronos2_C1_inst_global,chronos2_C1_fwd_global,3,45,45,0.4962981128936927,0.4295325186908621,-13.452719740067154,-25.42888660680365,1.343553063626853,chronos2_C1_fwd_global,0.9531978129147151,0.34569726450711913,ns,1.1202635194583905,0.26867919042028193,ns
endpoint,Global,Chronos-2 forward vs flat-hold,chronos2_C1_inst_global,chronos2_C1_fwd_global,6,42,42,0.9898391092226058,0.8924044915988235,-9.843480290479217,-21.130742422749012,5.419198175600524,chronos2_C1_fwd_global,0.5299897254991354,0.5989777043022233,ns,0.9771401056681462,0.33423035603225926,ns
endpoint,Global,Chronos-2 forward vs flat-hold,chronos2_C1_inst_global,chronos2_C1_fwd_global,12,36,36,1.9697762594013035,1.8459501532864846,-6.286303102894275,-18.980285636072594,9.416624013444975,chronos2_C1_fwd_global,0.4343724852133826,0.6666842322001115,ns,0.7438502412510763,0.4619319046839092,ns
path,Global,Chronos-2 regime context,chronos2_C0_global,chronos2_C1_regime_global,1,47,47,0.2519071459150486,0.24865211658063552,-1.29215442562744,-3.0623059736492904,0.6769581999388684,chronos2_C1_regime_global,1.2981597561373939,0.20070373172751194,ns,2.010634402244408,0.050247344904445095,*
path,Global,Chronos-2 regime context,chronos2_C0_global,chronos2_C1_regime_global,3,135,45,0.3579775788052144,0.35241855307544795,-1.5528977396629875,-2.6753247781415115,-0.6221238350818309,chronos2_C1_regime_global,2.3718728626500556,0.01912076691420768,**,2.0948472239255187,0.038067142813175574,**
path,Global,Chronos-2 regime context,chronos2_C0_global,chronos2_C1_regime_global,6,252,42,0.6422973933007075,0.6360972600604702,-0.9653056831470784,-1.759216427937908,-0.32671962560382645,chronos2_C1_regime_global,2.0755519290001887,0.0389538983545127,**,2.0740996465258377,0.03908972790474735,**
path,Global,Chronos-2 regime context,chronos2_C0_global,chronos2_C1_regime_global,12,432,36,1.3374642636144916,1.33014203020289,-0.5474713314442772,-1.0585530729977914,-0.17067009280960568,chronos2_C1_regime_global,1.9286596983087458,0.05442951442299724,*,1.931875268283131,0.0540300494956337,*
endpoint,Global,Chronos-2 regime context,chronos2_C0_global,chronos2_C1_regime_global,1,47,47,0.2519071459150486,0.24865211658063552,-1.29215442562744,-3.0623059736492904,0.6769581999388684,chronos2_C1_regime_global,1.2981597561373939,0.20070373172751194,ns,2.010634402244408,0.050247344904445095,*
endpoint,Global,Chronos-2 regime context,chronos2_C0_global,chronos2_C1_regime_global,3,45,45,0.48976710130946355,0.48338013550714876,-1.3040822434251527,-2.38282478609181,-0.4406183935487836,chronos2_C1_regime_global,1.299648186822401,0.2004896700844864,ns,1.3381439617114197,0.1877241718460088,ns
endpoint,Global,Chronos-2 regime context,chronos2_C0_global,chronos2_C1_regime_global,6,42,42,1.1443136465405372,1.1379613796466,-0.5551158909221554,-1.0878832286019016,-0.13936390233840731,chronos2_C1_regime_global,0.9764795314925478,0.3345535027112475,ns,1.0510490976120483,0.29939175979619825,ns
endpoint,Global,Chronos-2 regime context,chronos2_C0_global,chronos2_C1_regime_global,12,36,36,2.3131123581580417,2.3057013801151154,-0.3203898858085644,-0.6734308509644747,-0.08363278109034372,chronos2_C1_regime_global,1.1952265165128935,0.24003458457163096,ns,1.2191738353675599,0.23093131426493793,ns
path,Global,TimesFM regime context,timesfm_C0_global,timesfm_C1_regime_global,1,47,47,0.21029511500802783,0.21373319049075146,1.6348812869915585,-0.5063704313513501,4.300077305267564,timesfm_C0_global,-1.3740751200583883,0.17607700769914122,ns,-0.7377770053775131,0.4643971231607673,ns
path,Global,TimesFM regime context,timesfm_C0_global,timesfm_C1_regime_global,3,135,45,0.37599608290226055,0.37922690739725196,0.8592707854967864,-0.20473806316079568,2.1101151607907953,timesfm_C0_global,-1.1094122296945357,0.2692394223100393,ns,-0.8874133116178275,0.37644643103733144,ns
path,Global,TimesFM regime context,timesfm_C0_global,timesfm_C1_regime_global,6,252,42,0.647464404088527,0.6505917748044541,0.48301816998413033,-0.1880687173884603,1.2954782461352192,timesfm_C0_global,-0.9346229956754277,0.3508808920499885,ns,-0.9411462715330022,0.3475347936651292,ns
path,Global,TimesFM regime context,timesfm_C0_global,timesfm_C1_regime_global,12,432,36,1.2332855181209013,1.2358436732337552,0.20742602384172115,-0.182479781321584,0.7183852411992546,timesfm_C0_global,-0.6655642739826557,0.5060456698249145,ns,-0.8717809539252336,0.383813246359588,ns
endpoint,Global,TimesFM regime context,timesfm_C0_global,timesfm_C1_regime_global,1,47,47,0.21029511500802783,0.21373319049075146,1.6348812869915585,-0.5063704313513501,4.300077305267564,timesfm_C0_global,-1.3740751200583883,0.17607700769914122,ns,-0.7377770053775131,0.4643971231607673,ns
endpoint,Global,TimesFM regime context,timesfm_C0_global,timesfm_C1_regime_global,3,45,45,0.5447677563336043,0.5485641777635888,0.6968880565794056,-0.13511607418089877,1.7013394103126545,timesfm_C0_global,-0.7694339988036358,0.44574679115610805,ns,-0.7722526569131744,0.4440931666716965,ns
endpoint,Global,TimesFM regime context,timesfm_C0_global,timesfm_C1_regime_global,6,42,42,1.075967790271274,1.0785851292964712,0.24325440304651058,-0.2352022226966082,0.8174811533391776,timesfm_C0_global,-0.6598182492910241,0.5130601565648636,ns,-0.94359599050667,0.3509036058385042,ns
endpoint,Global,TimesFM regime context,timesfm_C0_global,timesfm_C1_regime_global,12,36,36,2.011331101511441,2.0111966965115884,-0.006682390569677939,-0.32294214271641225,0.3637514029565352,timesfm_C1_regime_global,0.4633127876105523,0.6460084474716903,ns,-1.4458453946676355,0.15711633938057157,ns
path,Global,Chronos-2 vs ARIMA,chronos2_C1_inst_global,arima,1,47,47,0.20044966361038558,0.19070136808278298,-4.863213712620826,-21.59099898482483,18.931717867115783,arima,0.4621715147299547,0.6461369260498677,ns,0.7878585187322376,0.4348206428549001,ns
path,Global,Chronos-2 vs ARIMA,chronos2_C1_inst_global,arima,3,135,45,0.341733177946528,0.35654408572532686,4.334056139294836,-12.438677644579132,25.02790167183189,chronos2_C1_inst_global,-0.40543090673481824,0.6858073792469221,ns,-0.42713213624332197,0.6699686161203793,ns
path,Global,Chronos-2 vs ARIMA,chronos2_C1_inst_global,arima,6,252,42,0.5913587983253581,0.6821288379410344,15.349402067361446,-3.804405030614618,39.19245702719187,chronos2_C1_inst_global,-1.1602695072752882,0.24704150109283074,ns,-1.0600283105036836,0.2901506879678297,ns
path,Global,Chronos-2 vs ARIMA,chronos2_C1_inst_global,arima,12,432,36,1.143286435334759,1.5443560436970605,35.08041344379868,8.738728455114154,74.50998950925812,chronos2_C1_inst_global,-1.8809800781055825,0.06064853365656442,*,-1.667510512305278,0.09613930904303492,*
endpoint,Global,Chronos-2 vs ARIMA,chronos2_C1_inst_global,arima,1,47,47,0.20044966361038558,0.19070136808278298,-4.863213712620826,-21.59099898482483,18.931717867115783,arima,0.4621715147299547,0.6461369260498677,ns,0.7878585187322376,0.4348206428549001,ns
endpoint,Global,Chronos-2 vs ARIMA,chronos2_C1_inst_global,arima,3,45,45,0.4962981128936927,0.539317190004311,8.667991272381286,-10.024070482184122,33.15408897628755,chronos2_C1_inst_global,-0.48461611340012883,0.6303525218067445,ns,-0.42175910390657756,0.6752544070966546,ns
endpoint,Global,Chronos-2 vs ARIMA,chronos2_C1_inst_global,arima,6,42,42,0.9898391092226058,1.2438891695546392,25.66579335621098,2.9249905704215915,57.40219568473876,chronos2_C1_inst_global,-0.6903393174169138,0.4938704700737636,ns,-0.5854403830405802,0.5614603666201073,ns
endpoint,Global,Chronos-2 vs ARIMA,chronos2_C1_inst_global,arima,12,36,36,1.9697762594013035,2.894440977878863,46.94262681176813,14.18538888105777,100.0514855959768,chronos2_C1_inst_global,-0.8539654501902417,0.39893138006959117,ns,-0.744982010496849,0.4612561415886727,ns
path,Global,Chronos-2 vs AutoARIMA,chronos2_C1_inst_global,auto_arima,1,47,47,0.20044966361038558,0.17866293951079507,-10.86892524895298,-26.151944846554652,7.006270830094807,auto_arima,1.2429361976751372,0.2201897040813125,ns,1.1582857974948584,0.25272578369238974,ns
path,Global,Chronos-2 vs AutoARIMA,chronos2_C1_inst_global,auto_arima,3,135,45,0.341733177946528,0.3304854813320288,-3.2913680439477733,-11.54477355616457,6.128520022004738,auto_arima,0.6288133849135052,0.5305416795480531,ns,0.1094605450193493,0.9130009679736059,ns
path,Global,Chronos-2 vs AutoARIMA,chronos2_C1_inst_global,auto_arima,6,252,42,0.5913587983253581,0.6059106368105316,2.4607460861971076,-6.702090781070792,12.08455255234971,chronos2_C1_inst_global,-0.44280431243890256,0.6582886514197768,ns,-1.2303730602576033,0.21970927220156086,ns
path,Global,Chronos-2 vs AutoARIMA,chronos2_C1_inst_global,auto_arima,12,432,36,1.143286435334759,1.3294378126417792,16.28212944313595,4.376211792746528,29.447731093753713,chronos2_C1_inst_global,-2.0435682289339963,0.04160371173980995,**,-2.4664181865625268,0.014035338675732745,**
endpoint,Global,Chronos-2 vs AutoARIMA,chronos2_C1_inst_global,auto_arima,1,47,47,0.20044966361038558,0.17866293951079507,-10.86892524895298,-26.151944846554652,7.006270830094807,auto_arima,1.2429361976751372,0.2201897040813125,ns,1.1582857974948584,0.25272578369238974,ns
endpoint,Global,Chronos-2 vs AutoARIMA,chronos2_C1_inst_global,auto_arima,3,45,45,0.4962981128936927,0.4924527858423966,-0.7748018683520078,-9.68563130785002,8.502630103731093,auto_arima,0.1151152256116537,0.9088775351765204,ns,-0.25829263424407456,0.797385465384795,ns
endpoint,Global,Chronos-2 vs AutoARIMA,chronos2_C1_inst_global,auto_arima,6,42,42,0.9898391092226058,1.0713662942126052,8.236407738428198,-2.8371935496120586,20.070804396325705,chronos2_C1_inst_global,-0.7187088512382159,0.4763965793402104,ns,-0.8704224123918276,0.38913749289006416,ns
endpoint,Global,Chronos-2 vs AutoARIMA,chronos2_C1_inst_global,auto_arima,12,36,36,1.9697762594013035,2.482112228302531,26.009856015674977,11.527128085953958,43.876784679119105,chronos2_C1_inst_global,-1.1057414482246788,0.2763813810093967,ns,-1.1719316110496134,0.24914040646605132,ns
path,Global,Chronos-2 validated vs ARIMA,chronos2_C1_validated_global,arima,1,47,47,0.2722821971044227,0.19070136808278298,-29.96186672841953,-48.61018218710133,-2.4767813336229914,arima,2.1062179473489744,0.04067153665395109,**,2.3226994440232906,0.02467311057993284,**
path,Global,Chronos-2 validated vs ARIMA,chronos2_C1_validated_global,arima,3,135,45,0.35580074689076235,0.35654408572532686,0.20891997587423003,-20.91099734767141,30.033070953949192,chronos2_C1_validated_global,-0.014716822703326604,0.9882799873001098,ns,-0.22215017942792628,0.8245351985410714,ns
path,Global,Chronos-2 validated vs ARIMA,chronos2_C1_validated_global,arima,6,252,42,0.6227630846912038,0.6821288379410344,9.53263844777618,-10.816246330590397,35.07023326121187,chronos2_C1_validated_global,-0.7072529379693703,0.48006542478670267,ns,-0.5330092049712094,0.5944988055988428,ns
path,Global,Chronos-2 validated vs ARIMA,chronos2_C1_validated_global,arima,12,432,36,1.3011076838248274,1.5443560436970605,18.695482541242328,-2.1507700380792736,46.6115083814056,chronos2_C1_validated_global,-1.2818234421762411,0.20059369217243647,ns,-1.079668200256559,0.28089376837081514,ns
endpoint,Global,Chronos-2 validated vs ARIMA,chronos2_C1_validated_global,arima,1,47,47,0.2722821971044227,0.19070136808278298,-29.96186672841953,-48.61018218710133,-2.4767813336229914,arima,2.1062179473489744,0.04067153665395109,**,2.3226994440232906,0.02467311057993284,**
endpoint,Global,Chronos-2 validated vs ARIMA,chronos2_C1_validated_global,arima,3,45,45,0.4609602186337914,0.539317190004311,16.998640707598696,-10.390109914645771,55.52407376831997,chronos2_C1_validated_global,-0.8822269897318172,0.382448536372085,ns,-0.5995263982405185,0.5518968200763832,ns
endpoint,Global,Chronos-2 validated vs ARIMA,chronos2_C1_validated_global,arima,6,42,42,1.106608425748109,1.2438891695546392,12.405539359030566,-9.171906299811228,43.088646363951185,chronos2_C1_validated_global,-0.5784262242488436,0.5661403780043238,ns,-0.4314019185843855,0.6684361464778625,ns
endpoint,Global,Chronos-2 validated vs ARIMA,chronos2_C1_validated_global,arima,12,36,36,2.2619947153108715,2.894440977878863,27.9596702099754,0.4268264678780208,63.71117738449936,chronos2_C1_validated_global,nan,nan,NA,nan,nan,NA
path,Global,Chronos-2 validated vs AutoARIMA,chronos2_C1_validated_global,auto_arima,1,47,47,0.2722821971044227,0.17866293951079507,-34.38317252806793,-53.07376246687621,-6.694360093380116,auto_arima,2.3993594807859457,0.02053159830694822,**,2.2625174691560206,0.028432227827424304,**
path,Global,Chronos-2 validated vs AutoARIMA,chronos2_C1_validated_global,auto_arima,3,135,45,0.35580074689076235,0.3304854813320288,-7.115011921688239,-28.140873162138575,23.052797643748978,auto_arima,0.4637157513396902,0.6436037818995163,ns,0.08884367150372666,0.9293387951066149,ns
path,Global,Chronos-2 validated vs AutoARIMA,chronos2_C1_validated_global,auto_arima,6,252,42,0.6227630846912038,0.6059106368105316,-2.7060768846034695,-27.06139193356135,29.248688389597458,auto_arima,0.1450641961066797,0.8847766047451561,ns,-0.10511235300553147,0.9163706060159229,ns
path,Global,Chronos-2 validated vs AutoARIMA,chronos2_C1_validated_global,auto_arima,12,432,36,1.3011076838248274,1.3294378126417792,2.177385405462406,-22.536525754033086,34.131466666184764,chronos2_C1_validated_global,-0.10960958793391219,0.9127700218597364,ns,-0.4695425750828735,0.6389193136266168,ns
endpoint,Global,Chronos-2 validated vs AutoARIMA,chronos2_C1_validated_global,auto_arima,1,47,47,0.2722821971044227,0.17866293951079507,-34.38317252806793,-53.07376246687621,-6.694360093380116,auto_arima,2.3993594807859457,0.02053159830694822,**,2.2625174691560206,0.028432227827424304,**
endpoint,Global,Chronos-2 validated vs AutoARIMA,chronos2_C1_validated_global,auto_arima,3,45,45,0.4609602186337914,0.4924527858423966,6.831949034982649,-20.471281249364708,45.752533026189425,chronos2_C1_validated_global,-0.23632270839433148,0.814278963005869,ns,-0.21572110872873113,0.83020205917043,ns
endpoint,Global,Chronos-2 validated vs AutoARIMA,chronos2_C1_validated_global,auto_arima,6,42,42,1.106608425748109,1.0713662942126052,-3.184697560176158,-30.55891021647317,35.001101071894965,auto_arima,0.07046226424369875,0.9441683091188444,ns,-0.049821383706851914,0.9605066513771183,ns
endpoint,Global,Chronos-2 validated vs AutoARIMA,chronos2_C1_validated_global,auto_arima,12,36,36,2.2619947153108715,2.482112228302531,9.731124104832766,-16.137223804855577,41.99306109729443,chronos2_C1_validated_global,-0.29047228296007765,0.7731691667290338,ns,-0.5990836934219225,0.5529753513845281,ns
path,Global,TimesFM vs ARIMA,timesfm_C1_inst_global,arima,1,47,47,0.21371679218954406,0.19070136808278298,-10.769122945823014,-26.731497192303248,9.407283737821603,arima,1.0825677865269847,0.284642619732838,ns,0.9681038760580104,0.3380552241936763,ns
path,Global,TimesFM vs ARIMA,timesfm_C1_inst_global,arima,3,135,45,0.34872855005917064,0.35654408572532686,2.241151653579875,-12.828817677884798,18.710796865778224,timesfm_C1_inst_global,-0.22699205666118216,0.8207758523020945,ns,-0.7556025496930957,0.4512136867213574,ns
path,Global,TimesFM vs ARIMA,timesfm_C1_inst_global,arima,6,252,42,0.6071951402932142,0.6821288379410344,12.34095806689671,-4.6455780841748995,31.515084796391445,timesfm_C1_inst_global,-1.0871763329495703,0.278001780894345,ns,-1.2041617642203817,0.22966136024043107,ns
path,Global,TimesFM vs ARIMA,timesfm_C1_inst_global,arima,12,432,36,1.1912899074706127,1.5443560436970605,29.637297689870458,5.423324443341887,62.98451487456292,timesfm_C1_inst_global,-1.7663399423844786,0.07804665393038814,*,-1.4287057581388478,0.15381311892228539,ns
endpoint,Global,TimesFM vs ARIMA,timesfm_C1_inst_global,arima,1,47,47,0.21371679218954406,0.19070136808278298,-10.769122945823014,-26.731497192303248,9.407283737821603,arima,1.0825677865269847,0.284642619732838,ns,0.9681038760580104,0.3380552241936763,ns
endpoint,Global,TimesFM vs ARIMA,timesfm_C1_inst_global,arima,3,45,45,0.5051317492354217,0.539317190004311,6.767628607909345,-10.110687336887793,25.138875310174097,timesfm_C1_inst_global,-0.47743297014433767,0.6354169998707012,ns,-0.7349596804467932,0.4662634396201636,ns
endpoint,Global,TimesFM vs ARIMA,timesfm_C1_inst_global,arima,6,42,42,1.0178354905872002,1.2438891695546392,22.20925493932484,1.1048395989833664,48.95275079951244,timesfm_C1_inst_global,-0.7275055639299446,0.47105050203473375,ns,-0.5996946854064901,0.5520097445048147,ns
endpoint,Global,TimesFM vs ARIMA,timesfm_C1_inst_global,arima,12,36,36,1.9708173132676157,2.894440977878863,46.86500663422117,13.769265868095358,100.4272785202334,timesfm_C1_inst_global,-0.8101122179170198,0.4233497362966314,ns,-0.6104562308162207,0.5455035016924183,ns
path,Global,TimesFM vs AutoARIMA,timesfm_C1_inst_global,auto_arima,1,47,47,0.21371679218954406,0.17866293951079507,-16.40201142812398,-33.5637938780839,6.382214485120098,auto_arima,1.511888437066658,0.137402437009654,ns,0.9000275206901915,0.37279337967770776,ns
path,Global,TimesFM vs AutoARIMA,timesfm_C1_inst_global,auto_arima,3,135,45,0.34872855005917064,0.3304854813320288,-5.23130920139645,-20.2806102318044,11.961088506688869,auto_arima,0.5182515028589744,0.6051374774163851,ns,-0.14733468655512533,0.8830893064520777,ns
path,Global,TimesFM vs AutoARIMA,timesfm_C1_inst_global,auto_arima,6,252,42,0.6071951402932142,0.6059106368105316,-0.2115470624587546,-13.882285152416278,14.380775884436288,auto_arima,0.02358294832010141,0.9812040109666451,ns,-0.669113759135766,0.5040378794767162,ns
path,Global,TimesFM vs AutoARIMA,timesfm_C1_inst_global,auto_arima,12,432,36,1.1912899074706127,1.3294378126417792,11.596497569973275,-1.6321544887555441,26.536272040118817,timesfm_C1_inst_global,-1.3150031388748338,0.1892080602424486,ns,-1.6719784606645434,0.09525433629358607,*
endpoint,Global,TimesFM vs AutoARIMA,timesfm_C1_inst_global,auto_arima,1,47,47,0.21371679218954406,0.17866293951079507,-16.40201142812398,-33.5637938780839,6.382214485120098,auto_arima,1.511888437066658,0.137402437009654,ns,0.9000275206901915,0.37279337967770776,ns
endpoint,Global,TimesFM vs AutoARIMA,timesfm_C1_inst_global,auto_arima,3,45,45,0.5051317492354217,0.4924527858423966,-2.510030979485303,-17.30889941034429,14.273521967889948,auto_arima,0.16302349428173762,0.871246393506138,ns,-0.2557641185210489,0.799324911345874,ns
endpoint,Global,TimesFM vs AutoARIMA,timesfm_C1_inst_global,auto_arima,6,42,42,1.0178354905872002,1.0713662942126052,5.259278549475856,-7.681864991582263,19.621839894364506,timesfm_C1_inst_global,-0.3470840092106192,0.7303035198023649,ns,-0.5169787274121881,0.6079488091311109,ns
endpoint,Global,TimesFM vs AutoARIMA,timesfm_C1_inst_global,auto_arima,12,36,36,1.9708173132676157,2.482112228302531,25.943293251630116,11.738745872664044,45.11652289076312,timesfm_C1_inst_global,-1.8945327243934211,0.06644051581073167,*,-1.2342227897626308,0.225343079006764,ns
path,Global,TimesFM validated vs ARIMA,timesfm_C1_validated_global,arima,1,47,47,0.1951982194006292,0.19070136808278298,-2.3037358289712566,-17.02062123139824,16.93709170844494,arima,0.2621958439115794,0.7943410885494431,ns,1.1499146730026377,0.25612239235647255,ns
path,Global,TimesFM validated vs ARIMA,timesfm_C1_validated_global,arima,3,135,45,0.3604659896023097,0.35654408572532686,-1.0880094072979622,-16.01173085008203,16.236522037316032,arima,0.10771043237275164,0.914386499560048,ns,0.10099240303459467,0.9197074447788631,ns
path,Global,TimesFM validated vs ARIMA,timesfm_C1_validated_global,arima,6,252,42,0.6303054958899337,0.6821288379410344,8.221940374790943,-9.902617863914246,29.990626812960247,timesfm_C1_validated_global,-0.6557852615439915,0.512562951035755,ns,-0.49749489527951757,0.6192756374790072,ns
path,Global,TimesFM validated vs ARIMA,timesfm_C1_validated_global,arima,12,432,36,1.2225321355121819,1.5443560436970605,26.32437208286962,1.296878133953729,63.19646258005683,timesfm_C1_validated_global,-1.4666961778459249,0.14318797001894537,ns,-1.0515717412677872,0.2935852983887726,ns
endpoint,Global,TimesFM validated vs ARIMA,timesfm_C1_validated_global,arima,1,47,47,0.1951982194006292,0.19070136808278298,-2.3037358289712566,-17.02062123139824,16.93709170844494,arima,0.2621958439115794,0.7943410885494431,ns,1.1499146730026377,0.25612239235647255,ns
endpoint,Global,TimesFM validated vs ARIMA,timesfm_C1_validated_global,arima,3,45,45,0.5303211095844181,0.539317190004311,1.6963459038887903,-15.347887763614354,22.186755310410796,timesfm_C1_validated_global,-0.10554475544855996,0.9164232662380449,ns,-0.07617254573224698,0.9396271299430388,ns
endpoint,Global,TimesFM validated vs ARIMA,timesfm_C1_validated_global,arima,6,42,42,1.054724080099592,1.2438891695546392,17.935030879088803,-3.5114977762663573,45.778768482180396,timesfm_C1_validated_global,-0.5417646701754513,0.5909128950457117,ns,-0.3236093414355941,0.7478787696300944,ns
endpoint,Global,TimesFM validated vs ARIMA,timesfm_C1_validated_global,arima,12,36,36,2.0188259865721383,2.894440977878863,43.37248465844615,10.262748577046152,97.46654769880469,timesfm_C1_validated_global,-0.7244161010477578,0.4736253524454501,ns,-0.503381740189995,0.617849452012373,ns
path,Global,TimesFM validated vs AutoARIMA,timesfm_C1_validated_global,auto_arima,1,47,47,0.1951982194006292,0.17866293951079507,-8.47101983850414,-21.73750219338543,7.593813290680418,auto_arima,1.067777373857915,0.29119278703659557,ns,1.0780675082771076,0.2866246523946525,ns
path,Global,TimesFM validated vs AutoARIMA,timesfm_C1_validated_global,auto_arima,3,135,45,0.3604659896023097,0.3304854813320288,-8.317153111548022,-19.929967938800985,4.337884579602799,auto_arima,1.080651356033596,0.28179332106224186,ns,0.6628747428166915,0.5085494037038969,ns
path,Global,TimesFM validated vs AutoARIMA,timesfm_C1_validated_global,auto_arima,6,252,42,0.6303054958899337,0.6059106368105316,-3.870323079597898,-15.020597981049308,8.263541776795725,auto_arima,0.5155196466023123,0.6066436994122735,ns,0.004832340714312437,0.9961482033690077,ns
path,Global,TimesFM validated vs AutoARIMA,timesfm_C1_validated_global,auto_arima,12,432,36,1.2225321355121819,1.3294378126417792,8.744610797883771,-3.5706225831063683,23.58215814841295,timesfm_C1_validated_global,-1.067910211734563,0.28615878716277515,ns,-1.2849753470116272,0.1994910146387406,ns
endpoint,Global,TimesFM validated vs AutoARIMA,timesfm_C1_validated_global,auto_arima,1,47,47,0.1951982194006292,0.17866293951079507,-8.47101983850414,-21.73750219338543,7.593813290680418,auto_arima,1.067777373857915,0.29119278703659557,ns,1.0780675082771076,0.2866246523946525,ns
endpoint,Global,TimesFM validated vs AutoARIMA,timesfm_C1_validated_global,auto_arima,3,45,45,0.5303211095844181,0.4924527858423966,-7.1406404643588,-19.422291027001858,6.267791181917619,auto_arima,0.6536155782822055,0.5167609429479016,ns,0.3364156908617634,0.7381566402550481,ns
endpoint,Global,TimesFM validated vs AutoARIMA,timesfm_C1_validated_global,auto_arima,6,42,42,1.054724080099592,1.0713662942126052,1.5778737232814204,-10.025601670827527,14.708539771192756,timesfm_C1_validated_global,-0.13467586062555578,0.8935271385019325,ns,-0.2350881313884106,0.8153105527568014,ns
endpoint,Global,TimesFM validated vs AutoARIMA,timesfm_C1_validated_global,auto_arima,12,36,36,2.0188259865721383,2.482112228302531,22.948299893693594,8.963757409620571,42.706165022138066,timesfm_C1_validated_global,-1.700822118367007,0.09784658000462099,*,-1.1542812346892708,0.25620576642434184,ns
path,Europe,TimesFM context,timesfm_C0_europe,timesfm_C1_full_europe,1,47,47,0.35258854642827486,0.4357534919901094,23.586967416921553,-3.791363605199085,56.32174566636078,timesfm_C0_europe,-1.6762101447721376,0.10048178544999203,ns,-1.6102298874240073,0.1141895565021528,ns
path,Europe,TimesFM context,timesfm_C0_europe,timesfm_C1_full_europe,3,135,45,0.6970091869212973,0.6912703201859092,-0.8233559676217226,-9.883065060133351,9.494389193981295,timesfm_C1_full_europe,0.13706994009642204,0.8911812470538927,ns,0.19140335579108653,0.8484993093492175,ns
path,Europe,TimesFM context,timesfm_C0_europe,timesfm_C1_full_europe,6,252,42,1.0349565148732025,0.994965420677549,-3.864036181322362,-11.03497923262897,4.301894102562858,timesfm_C1_full_europe,0.7507937905125044,0.4534800453608636,ns,0.9450563550907156,0.3455389463032097,ns
path,Europe,TimesFM context,timesfm_C0_europe,timesfm_C1_full_europe,12,432,36,2.0143598959181044,1.9946477586251719,-0.9785807061030738,-5.495537725252158,4.173074834030767,timesfm_C1_full_europe,0.3044153245396705,0.7609584204186629,ns,0.636369160254181,0.5248736384504744,ns
endpoint,Europe,TimesFM context,timesfm_C0_europe,timesfm_C1_full_europe,1,47,47,0.35258854642827486,0.4357534919901094,23.586967416921553,-3.791363605199085,56.32174566636078,timesfm_C0_europe,-1.6762101447721376,0.10048178544999203,ns,-1.6102298874240073,0.1141895565021528,ns
endpoint,Europe,TimesFM context,timesfm_C0_europe,timesfm_C1_full_europe,3,45,45,0.9799122178819459,0.9184117635091152,-6.276118743142348,-15.946757754893662,4.145990586293398,timesfm_C1_full_europe,0.7037226208817231,0.4853131465407533,ns,0.6872457047105883,0.4955345724234692,ns
endpoint,Europe,TimesFM context,timesfm_C0_europe,timesfm_C1_full_europe,6,42,42,1.5316501217796679,1.4582460530598955,-4.792482805047022,-11.679823787043858,2.445260279607157,timesfm_C1_full_europe,0.6968390310953718,0.4898358842580698,ns,0.7627863414388443,0.4499574363911485,ns
endpoint,Europe,TimesFM context,timesfm_C0_europe,timesfm_C1_full_europe,12,36,36,3.618879674275716,3.671084179348416,1.4425598464571354,-2.271422546374521,5.923057888358576,timesfm_C0_europe,-0.4277541693511688,0.6714506578137276,ns,0.1333278599321304,0.8946977512724805,ns
path,Europe,TimesFM validated context,timesfm_C0_europe,timesfm_C1_validated_europe,1,47,47,0.35258854642827486,0.35160875902503014,-0.2778840700215536,-1.5990986117441781,1.042374886492773,timesfm_C1_validated_europe,0.4273376838213434,0.6711271815251281,ns,-0.42428521226530796,0.6733356055359629,ns
path,Europe,TimesFM validated context,timesfm_C0_europe,timesfm_C1_validated_europe,3,135,45,0.6970091869212973,0.7011866823735147,0.5993458236425011,0.0734057201681825,1.0582291121606227,timesfm_C0_europe,-1.8919034485328707,0.06066161642115646,*,-2.946100891006138,0.003796159587794263,**
path,Europe,TimesFM validated context,timesfm_C0_europe,timesfm_C1_validated_europe,6,252,42,1.0349565148732025,1.0399445952580206,0.4819603831789243,0.12777324763834674,0.8168238576227671,timesfm_C0_europe,-2.0477536129850717,0.041624976059194546,**,-2.7084944718739257,0.00722393162752052,**
path,Europe,TimesFM validated context,timesfm_C0_europe,timesfm_C1_validated_europe,12,432,36,2.0143598959181044,2.0160966358149772,0.0862179544177864,-0.12703692871987954,0.26313747742538807,timesfm_C0_europe,-0.6844947520046784,0.49403070051369324,ns,-1.2139068380653817,0.22544805320329592,ns
endpoint,Europe,TimesFM validated context,timesfm_C0_europe,timesfm_C1_validated_europe,1,47,47,0.35258854642827486,0.35160875902503014,-0.2778840700215536,-1.5990986117441781,1.042374886492773,timesfm_C1_validated_europe,0.4273376838213434,0.6711271815251281,ns,-0.42428521226530796,0.6733356055359629,ns
endpoint,Europe,TimesFM validated context,timesfm_C0_europe,timesfm_C1_validated_europe,3,45,45,0.9799122178819459,0.9854807638719223,0.5682698805422206,0.12199888056738195,1.0047771689827836,timesfm_C0_europe,-1.5949048486114743,0.11789229194392625,ns,-1.856032091167844,0.07015388289903825,*
endpoint,Europe,TimesFM validated context,timesfm_C0_europe,timesfm_C1_validated_europe,6,42,42,1.5316501217796679,1.5359077615675916,0.2779773087457228,-0.03728981496500144,0.5830307157881116,timesfm_C0_europe,-0.9381795888117443,0.3536462933969705,ns,-1.0587111362293264,0.2959291204179815,ns
endpoint,Europe,TimesFM validated context,timesfm_C0_europe,timesfm_C1_validated_europe,12,36,36,3.618879674275716,3.6155971589230753,-0.09070529136334253,-0.26816604670284677,0.05265564595713358,timesfm_C1_validated_europe,0.7137426497066184,0.48011913323147404,ns,-0.3657064383967118,0.7167852286384556,ns
path,Europe,TimesFM regime context,timesfm_C0_europe,timesfm_C1_regime_europe,1,47,47,0.35258854642827486,0.3516706649678995,-0.26032651079381497,-1.217125180348961,0.7306693528049791,timesfm_C1_regime_europe,0.5394179806484696,0.5922000593900681,ns,0.6877445707132097,0.49506707729915533,ns
path,Europe,TimesFM regime context,timesfm_C0_europe,timesfm_C1_regime_europe,3,135,45,0.6970091869212973,0.6997039863072587,0.3866232234132206,0.06375462525916345,0.7459691421196426,timesfm_C0_europe,-1.8532583264813915,0.06604473616712102,*,-2.1262592708787724,0.03531516185612263,**
path,Europe,TimesFM regime context,timesfm_C0_europe,timesfm_C1_regime_europe,6,252,42,1.0349565148732025,1.0384374320662773,0.336334632716546,0.10159012616379512,0.632419562562048,timesfm_C0_europe,-2.1811037545367236,0.030104242521621444,**,-2.42313599284599,0.01609526784620643,**
path,Europe,TimesFM regime context,timesfm_C0_europe,timesfm_C1_regime_europe,12,432,36,2.0143598959181044,2.01533082244102,0.048200250853032776,-0.06455840570858552,0.1610692046054564,timesfm_C0_europe,-0.7042180826805132,0.48167728250454755,ns,-0.6488070721534074,0.5168086333451827,ns
endpoint,Europe,TimesFM regime context,timesfm_C0_europe,timesfm_C1_regime_europe,1,47,47,0.35258854642827486,0.3516706649678995,-0.26032651079381497,-1.217125180348961,0.7306693528049791,timesfm_C1_regime_europe,0.5394179806484696,0.5922000593900681,ns,0.6877445707132097,0.49506707729915533,ns
endpoint,Europe,TimesFM regime context,timesfm_C0_europe,timesfm_C1_regime_europe,3,45,45,0.9799122178819459,0.9840739249301675,0.42470202659754835,0.11529292439169148,0.8106858452939202,timesfm_C0_europe,-1.9491169032538624,0.05767431539639631,*,-1.696162459619394,0.09692048490105483,*
endpoint,Europe,TimesFM regime context,timesfm_C0_europe,timesfm_C1_regime_europe,6,42,42,1.5316501217796679,1.5350511928867798,0.22205274290450633,-0.005952673249995068,0.49632923739509355,timesfm_C0_europe,-1.1640410307308042,0.251136584063682,ns,-1.1578396427791047,0.25363001998491913,ns
endpoint,Europe,TimesFM regime context,timesfm_C0_europe,timesfm_C1_regime_europe,12,36,36,3.618879674275716,3.6147261286586976,-0.11477434982276934,-0.26040854696502663,-0.0018731011163775114,timesfm_C1_regime_europe,1.2352579872373695,0.22496240657838906,ns,0.8749558029991946,0.38756284342770164,ns
path,Europe,Chronos-2 regime context,chronos2_C0_europe,chronos2_C1_regime_europe,1,47,47,0.5124353351998836,0.5112526804003408,-0.23079103221512087,-0.8338551312827183,0.48108206885091837,chronos2_C1_regime_europe,0.6964748670818824,0.48963608005251125,ns,1.7479579911846042,0.08714360912602959,*
path,Europe,Chronos-2 regime context,chronos2_C0_europe,chronos2_C1_regime_europe,3,135,45,0.81997191478588,0.8193491140770331,-0.07595390739810119,-0.501502140550628,0.31930575337016615,chronos2_C1_regime_europe,0.29453733000133003,0.7688031395268429,ns,0.46588222982648453,0.6420561772628175,ns
path,Europe,Chronos-2 regime context,chronos2_C0_europe,chronos2_C1_regime_europe,6,252,42,1.2521497139098152,1.251972661886118,-0.014139844599283573,-0.3229540499688311,0.25684382769859826,chronos2_C1_regime_europe,0.07753730532505508,0.9382578879102397,ns,-0.18827371796878548,0.850814213058607,ns
path,Europe,Chronos-2 regime context,chronos2_C0_europe,chronos2_C1_regime_europe,12,432,36,2.300298148261176,2.300586544738983,0.012537352083027855,-0.1738662118973731,0.18196223017578467,chronos2_C0_europe,-0.10696971884581956,0.9148627756326124,ns,-0.3902208229966936,0.696566044299622,ns
endpoint,Europe,Chronos-2 regime context,chronos2_C0_europe,chronos2_C1_regime_europe,1,47,47,0.5124353351998836,0.5112526804003408,-0.23079103221512087,-0.8338551312827183,0.48108206885091837,chronos2_C1_regime_europe,0.6964748670818824,0.48963608005251125,ns,1.7479579911846042,0.08714360912602959,*
endpoint,Europe,Chronos-2 regime context,chronos2_C0_europe,chronos2_C1_regime_europe,3,45,45,1.1131313001844623,1.112814707738731,-0.028441608431896682,-0.36551463706878573,0.26696945057277754,chronos2_C1_regime_europe,0.10190359404088237,0.9192961850503768,ns,-0.11523810771589645,0.9087807038895146,ns
endpoint,Europe,Chronos-2 regime context,chronos2_C0_europe,chronos2_C1_regime_europe,6,42,42,1.9216437421526213,1.922772401304924,0.05873404770847046,-0.1508550519705942,0.24764070969101384,chronos2_C0_europe,-0.39252273050207853,0.6967053063788573,ns,-0.69209144091728,0.49278105702793584,ns
endpoint,Europe,Chronos-2 regime context,chronos2_C0_europe,chronos2_C1_regime_europe,12,36,36,4.114927825927735,4.117112082819492,0.053081292896429655,-0.05258430436503746,0.16193153195720245,chronos2_C0_europe,nan,nan,NA,nan,nan,NA
path,Europe,TimesFM vs SARIMA,timesfm_C1_full_europe,sarima,1,47,47,0.4357534919901094,0.4125584617955405,-5.32297058335343,-28.37648345660717,29.22751344978913,sarima,0.3688780935668932,0.7139110425966837,ns,0.9029452682460279,0.3712591343222671,ns
path,Europe,TimesFM vs SARIMA,timesfm_C1_full_europe,sarima,3,135,45,0.6912703201859092,0.7170879982272501,3.7348165091765515,-14.502508047857036,24.671554883722195,timesfm_C1_full_europe,-0.3249786918949737,0.7457040208247174,ns,-0.5351604235108127,0.5934259282545571,ns
path,Europe,TimesFM vs SARIMA,timesfm_C1_full_europe,sarima,6,252,42,0.994965420677549,1.2259190120002028,23.212222909754956,5.471611563895709,45.343237338064384,timesfm_C1_full_europe,-2.029101376884077,0.043503394322622436,**,-2.412373272536757,0.016566954080164353,**
path,Europe,TimesFM vs SARIMA,timesfm_C1_full_europe,sarima,12,432,36,1.9946477586251719,2.410946967008804,20.870813234240924,8.680632019220024,37.560712613636085,timesfm_C1_full_europe,-2.5078477450425134,0.012513481850039466,**,-2.216436196110124,0.02718308038170357,**
endpoint,Europe,TimesFM vs SARIMA,timesfm_C1_full_europe,sarima,1,47,47,0.4357534919901094,0.4125584617955405,-5.32297058335343,-28.37648345660717,29.22751344978913,sarima,0.3688780935668932,0.7139110425966837,ns,0.9029452682460279,0.3712591343222671,ns
endpoint,Europe,TimesFM vs SARIMA,timesfm_C1_full_europe,sarima,3,45,45,0.9184117635091152,1.0194960822166927,11.006426825517707,-10.039067988555896,37.65176113272363,timesfm_C1_full_europe,-0.6116619596375251,0.5439091335319628,ns,-0.8477890173131796,0.4011438194987037,ns
endpoint,Europe,TimesFM vs SARIMA,timesfm_C1_full_europe,sarima,6,42,42,1.4582460530598955,2.0831392745064705,42.85238558577524,23.395913091617743,70.20016074445877,timesfm_C1_full_europe,-3.071350549068273,0.003774854545073343,**,-2.017649257347386,0.050205122630105015,*
endpoint,Europe,TimesFM vs SARIMA,timesfm_C1_full_europe,sarima,12,36,36,3.671084179348416,4.253733343702991,15.871310378341411,5.258330567778864,31.363466036056217,timesfm_C1_full_europe,-1.5880507063529938,0.1212690014376138,ns,-3.067543150618208,0.004147447206854888,**
path,Europe,TimesFM vs AutoARIMA,timesfm_C1_full_europe,auto_arima,1,47,47,0.4357534919901094,0.37584878101224267,-13.747385179698435,-32.71168682274477,11.628813163903798,auto_arima,1.1405364668910318,0.25996638457498267,ns,1.5695102567834207,0.12338309192132277,ns
path,Europe,TimesFM vs AutoARIMA,timesfm_C1_full_europe,auto_arima,3,135,45,0.6912703201859092,0.6574621404012408,-4.8907321488323126,-18.834529316241596,9.664034529374689,auto_arima,0.5760337703013456,0.5655585663406382,ns,0.034593098445366496,0.9724556820450012,ns
path,Europe,TimesFM vs AutoARIMA,timesfm_C1_full_europe,auto_arima,6,252,42,0.994965420677549,1.1472859847641517,15.309131445279354,1.390757035184335,31.139126354213406,timesfm_C1_full_europe,-1.7436483915607033,0.08244476961420619,*,-2.2208213208340926,0.02725613857032917,**
path,Europe,TimesFM vs AutoARIMA,timesfm_C1_full_europe,auto_arima,12,432,36,1.9946477586251719,2.509957169651539,25.834607077770393,13.520197722974775,41.886968180878185,timesfm_C1_full_europe,-3.4048281685701762,0.0007240583803286914,**,-2.796964056165676,0.005389478272355501,**
endpoint,Europe,TimesFM vs AutoARIMA,timesfm_C1_full_europe,auto_arima,1,47,47,0.4357534919901094,0.37584878101224267,-13.747385179698435,-32.71168682274477,11.628813163903798,auto_arima,1.1405364668910318,0.25996638457498267,ns,1.5695102567834207,0.12338309192132277,ns
endpoint,Europe,TimesFM vs AutoARIMA,timesfm_C1_full_europe,auto_arima,3,45,45,0.9184117635091152,0.9579423911573943,4.3042379484816715,-11.442996866333537,21.76378074455125,timesfm_C1_full_europe,-0.43163185987870684,0.6681166996484199,ns,-0.7563512645698693,0.4534694041485934,ns
endpoint,Europe,TimesFM vs AutoARIMA,timesfm_C1_full_europe,auto_arima,6,42,42,1.4582460530598955,1.9586205662651077,34.31344882814917,15.210802337981763,60.10055935747163,timesfm_C1_full_europe,-1.5519920194938366,0.12834995558453172,ns,-2.037304952896012,0.048109091693409836,**
endpoint,Europe,TimesFM vs AutoARIMA,timesfm_C1_full_europe,auto_arima,12,36,36,3.671084179348416,4.797591207473221,30.685949247961673,14.809166726698404,52.190403711101254,timesfm_C1_full_europe,-1.3711005492817758,0.17907166097283525,ns,-1.5558467981848565,0.12874172699288353,ns
path,Europe,TimesFM validated vs SARIMA,timesfm_C1_validated_europe,sarima,1,47,47,0.35160875902503014,0.4125584617955405,17.334523445751678,-4.432462291246724,45.3695439731691,timesfm_C1_validated_europe,-1.5722466968776834,0.12274709930961364,ns,-1.202551279231894,0.23530360643917284,ns
path,Europe,TimesFM validated vs SARIMA,timesfm_C1_validated_europe,sarima,3,135,45,0.7011866823735147,0.7170879982272501,2.267772086017027,-11.93066490566003,18.38537465883284,timesfm_C1_validated_europe,-0.25407482153201755,0.7998272103693795,ns,-0.4467345588305248,0.6557878875899629,ns
path,Europe,TimesFM validated vs SARIMA,timesfm_C1_validated_europe,sarima,6,252,42,1.0399445952580206,1.2259190120002028,17.883108156934078,5.145039403526568,33.245967959164396,timesfm_C1_validated_europe,-2.224583938995927,0.026998867084031875,**,-2.6668423409465865,0.008154485344131884,**
path,Europe,TimesFM validated vs SARIMA,timesfm_C1_validated_europe,sarima,12,432,36,2.0160966358149772,2.410946967008804,19.584891129696,9.693615595447055,33.424864693743935,timesfm_C1_validated_europe,-3.078781470615337,0.0022113012145024602,**,-2.6548552445869507,0.008228060271123572,**
endpoint,Europe,TimesFM validated vs SARIMA,timesfm_C1_validated_europe,sarima,1,47,47,0.35160875902503014,0.4125584617955405,17.334523445751678,-4.432462291246724,45.3695439731691,timesfm_C1_validated_europe,-1.5722466968776834,0.12274709930961364,ns,-1.202551279231894,0.23530360643917284,ns
endpoint,Europe,TimesFM validated vs SARIMA,timesfm_C1_validated_europe,sarima,3,45,45,0.9854807638719223,1.0194960822166927,3.451647113955361,-12.028167097832,20.922052057491477,timesfm_C1_validated_europe,-0.3116680634802796,0.7567648524195351,ns,-0.4757997171701475,0.6365710029241518,ns
endpoint,Europe,TimesFM validated vs SARIMA,timesfm_C1_validated_europe,sarima,6,42,42,1.5359077615675916,2.0831392745064705,35.629191194421644,20.795242155761088,58.223997015337915,timesfm_C1_validated_europe,-3.443365082996418,0.0013367917057193891,**,-2.662494961579277,0.011030195997772961,**
endpoint,Europe,TimesFM validated vs SARIMA,timesfm_C1_validated_europe,sarima,12,36,36,3.6155971589230753,4.253733343702991,17.649537731409985,7.715274665133308,32.95266725623236,timesfm_C1_validated_europe,-1.1486475579268522,0.25849119066461235,ns,-0.7729435022177497,0.4447447173957846,ns
path,Europe,TimesFM validated vs AutoARIMA,timesfm_C1_validated_europe,auto_arima,1,47,47,0.35160875902503014,0.37584878101224267,6.894032462225137,-10.741532384860442,28.334769987775946,timesfm_C1_validated_europe,-0.7236826459562451,0.4729249059334192,ns,-0.4625582069853938,0.6458617414579184,ns
path,Europe,TimesFM validated vs AutoARIMA,timesfm_C1_validated_europe,auto_arima,3,135,45,0.7011866823735147,0.6574621404012408,-6.235791847082204,-21.76054491925464,9.996393332388564,auto_arima,0.632949012247754,0.5278456285688431,ns,0.22079149389922573,0.825590849357196,ns
path,Europe,TimesFM validated vs AutoARIMA,timesfm_C1_validated_europe,auto_arima,6,252,42,1.0399445952580206,1.1472859847641517,10.321837335911011,-5.804525588793087,29.42666567989515,timesfm_C1_validated_europe,-0.9514879797125312,0.3422720350310178,ns,-1.1424643297299408,0.2543496781123764,ns
path,Europe,TimesFM validated vs AutoARIMA,timesfm_C1_validated_europe,auto_arima,12,432,36,2.0160966358149772,2.509957169651539,24.495876093604313,9.606699787430633,44.664338592754525,timesfm_C1_validated_europe,-2.5048337259146463,0.012619035815694167,**,-2.129783113068172,0.033755485663576494,**
endpoint,Europe,TimesFM validated vs AutoARIMA,timesfm_C1_validated_europe,auto_arima,1,47,47,0.35160875902503014,0.37584878101224267,6.894032462225137,-10.741532384860442,28.334769987775946,timesfm_C1_validated_europe,-0.7236826459562451,0.4729249059334192,ns,-0.4625582069853938,0.6458617414579184,ns
endpoint,Europe,TimesFM validated vs AutoARIMA,timesfm_C1_validated_europe,auto_arima,3,45,45,0.9854807638719223,0.9579423911573943,-2.7944099696406646,-19.62672895623358,15.998346998764012,auto_arima,0.20184540663606299,0.8409679106673869,ns,0.05339445055968097,0.9576593219484764,ns
endpoint,Europe,TimesFM validated vs AutoARIMA,timesfm_C1_validated_europe,auto_arima,6,42,42,1.5359077615675916,1.9586205662651077,27.522017615568483,6.369041866566766,57.28423143141217,timesfm_C1_validated_europe,-1.1458437895837605,0.25850389303223115,ns,-1.2932470170165726,0.20316508524697185,ns
endpoint,Europe,TimesFM validated vs AutoARIMA,timesfm_C1_validated_europe,auto_arima,12,36,36,3.6155971589230753,4.797591207473221,32.69153051614327,14.279666334131184,58.04053294927822,timesfm_C1_validated_europe,-1.2246872735109324,0.22887215803983202,ns,-1.2847482834969663,0.20731831794911504,ns
